insert into Members (e_mail,password,preferred_game_genre,membership_type) values ('bebo@gmail.com',4444,'Action','Development Teams')
insert into Members (e_mail,password,preferred_game_genre,membership_type) values ('ahmed@gmail.com',4444,'Action','Development Teams')
insert into Members (e_mail,preferred_game_genre,password,membership_type) values ('omar@gmail.com','sport',4444,'Development Teams')
insert into Members (e_mail,preferred_game_genre,password,membership_type) values ('baher@gmail.com','Rpg',4444,'Normal User')
insert into Members (e_mail,preferred_game_genre,password,membership_type) values ('rostom@gmail.com','sport',4444,'Normal User')
insert into Members (e_mail,preferred_game_genre,password,membership_type) values ('khaled @gmail.com','strategies ',4444,'Verified Reviewer')
insert into Members (e_mail,preferred_game_genre,password,membership_type) values ('gamal@gmail.com','sport ',4444,'Verified Reviewer')
insert into Normal_Users (e_mail,first_name ,last_name,date_of_birth) values('baher@gmail.com','baher','abdo',1995-3-3)
insert into Normal_Users (e_mail,first_name ,last_name,date_of_birth) values('rostom@gmail.com','abo','rostom ',1995-4-3)
insert into Normal_Users (e_mail,first_name ,last_name,date_of_birth) values('omar@gmail.com','abo','rostom ',1995-4-3)
insert into Development_Teams values ('bebo@gmail.com','gamers','elmor3ben',1995-3-3,1)
insert into Development_Teams values ('ahmed@gmail.com','gamesplayers','elmor3benawy',1995-3-3,1)
insert into verified_Reviewers values ('khaled @gmail.com','khaled','khly',5,1)
insert into verified_Reviewers values ('gamal@gmail.com','khaled','khly',5,1)
insert into Conferences (name,start_date,end_date,venue) values('thegames',2015-4-4,2015-4-5,'cairo')
insert into Conferences (name,start_date,end_date,venue) values('gamesshow',2015-5-4,2015-5-5,'alex')
insert into Games(name,release_date,rating,age_limit,development_team_email,release_conference) values  ('counter',1995-3-3,10,1,'bebo@gmail.com',2)
insert into Games(name,release_date,rating,age_limit,development_team_email,release_conference) values  ('fifa',1995-3-3,10,1,'ahmed@gmail.com',2)
insert into Games(name,release_date,rating,age_limit,development_team_email,release_conference) values  ('gta',1995-3-3,10,1,'ahmed@gmail.com',2)
insert into Games(name,release_date,rating,age_limit,development_team_email,release_conference) values  ('rpg',1995-8-3,10,1,'ahmed@gmail.com',1)
insert into Games(name,release_date,rating,age_limit,development_team_email,release_conference) values  ('plans',1995-8-3,10,1,'ahmed@gmail.com',1)
insert into Games_Rated_By_Members (game_id,member_email,graphics,level_design,interactivity,uniqueness) Values (1,'bebo@gmail.com',2,5,7,9)
insert into Games_Rated_By_Members (game_id,member_email,graphics,level_design,interactivity,uniqueness) Values (2,'ahmed@gmail.com',2,5,3,9)
insert into Game_Reviews(game_id,verified_reviewer,date,content ) values (1,'khaled @gmail.com',1995-3-3,'the game is very good ')
insert into Game_Reviews_Commented_On_By_Members (game_review_id,game_id,member_id,[content]) values(1,1,'khaled @gmail.com','BAD GAME')
insert into User1_Recommend_Games_To_User2(normal_user1,normal_user2,game_id) Values ('rostom@gmail.com','omar@gmail.com',1)
insert into User1_Recommend_Games_To_User2(normal_user1,normal_user2,game_id) Values ('rostom@gmail.com','baher@gmail.com',3)
insert into Actions (game_id,sub_genre) values (1,'first person shooter ')
insert into Actions (game_id,sub_genre) values (3,'second person shooter ')
insert into Rpg values (4,1,0)
insert into sports values (2,'football')
insert into strategies values (5,1)
insert into videos(game_id,description,date) values (2,'football skills',1995-3-3)
insert into Screenshots (game_id,description ,date) values (1,'Sniper ',2010-5-5)
insert into Members_Attend_Conferences (member_id,conference_id) values ('baher@gmail.com',1)
insert into Members_Attend_Conferences (member_id,conference_id) values ('ahmed@gmail.com',2)
insert into Members_Add_Reviews_To_Conferences (conference_id,member_id,[content],date,title) Values (1,'ahmed@gmail.com','Review1',2015-9-9,'mozaa')
insert into Members_Add_Reviews_To_Conferences (conference_id,member_id,[content],date,title) Values (2,'bebo@gmail.com','Review3',2015-9-9,'injection')
insert into Members_Comment_On_Conference_Review(conference_review_id,conference_id,[content],member_id) Values (1,1,'Such a great conference','ahmed@gmail.com')
insert into Development_Teams_present_Games (conference_id,game_id,development_team_id) values (1,1,'bebo@gmail.com')
insert into Development_Teams_present_Games (conference_id,game_id,development_team_id) values (2,2,'ahmed@gmail.com')
	insert into Members_Add_Members (e_mail1,e_mail2,accept) Values ('baher@gmail.com','rostom@gmail.com',1)
	insert into Members_Add_Members (e_mail1,e_mail2,accept) Values ('baher@gmail.com','omar@gmail.com',1)
	insert into Member_Send_Message_To_Members (sender,reciever,date,[content]) Values ('baher@gmail.com','rostom@gmail.com',2015-6-6,'Hi')
	insert into Member_Send_Message_To_Members (sender,reciever,date,[content]) Values ('baher@gmail.com','omar@gmail.com',2015-6-6,'Hey!')
	insert into Communities (theme,name,description,member_id,accept) Values ('gta mission 1','mission 1','Kill them then run','baher@gmail.com',1)
	insert into Communities (theme,name,description,member_id,accept) Values ('gta mission 2','mission 2',' Do not run ','rostom@gmail.com',1)
	insert into Members_Join_Communities (theme,member_id) values ('gta mission 1','baher@gmail.com')
	insert into Members_Join_Communities (theme,member_id) values ('gta mission 2','rostom@gmail.com')
	insert into Members_Post_Topic_On_Communities (theme,title,description,member_id) Values ('gta mission 1','Step 1','Take careful','baher@gmail.com')
	insert into Members_Post_Topic_On_Communities (theme,title,description,member_id) Values ('gta mission 2','Step 1','Take careful Please ','rostom@gmail.com')
	insert into Members_Comment_On_Topics (theme,topic_id,[content],date,member_id) values ('gta mission 1',1,'The mission was easy!',2015-6-7,'baher@gmail.com')
	insert into Members_Comment_On_Topics (theme,topic_id,[content],date,member_id) values ('gta mission 2',2,'The mission was not easy!',2015-6-7,'rostom@gmail.com')

